{
    "version": 5,
    "classification_report": {
        "Casual": {
            "precision": 0.8555493586168432,
            "recall": 0.9973992197659298,
            "f1-score": 0.9210447313119183,
            "support": 1538.0
        },
        "Ethnic": {
            "precision": 1.0,
            "recall": 0.7432432432432432,
            "f1-score": 0.8527131782945736,
            "support": 148.0
        },
        "Formal": {
            "precision": 1.0,
            "recall": 0.02564102564102564,
            "f1-score": 0.05,
            "support": 117.0
        },
        "Party": {
            "precision": 0.0,
            "recall": 0.0,
            "f1-score": 0.0,
            "support": 2.0
        },
        "Smart Casual": {
            "precision": 0.0,
            "recall": 0.0,
            "f1-score": 0.0,
            "support": 2.0
        },
        "Sports": {
            "precision": 0.9512195121951219,
            "recall": 0.43575418994413406,
            "f1-score": 0.5977011494252874,
            "support": 179.0
        },
        "Travel": {
            "precision": 0.0,
            "recall": 0.0,
            "f1-score": 0.0,
            "support": 2.0
        },
        "accuracy": 0.8677062374245473,
        "macro avg": {
            "precision": 0.5438241244017094,
            "recall": 0.31457681122776177,
            "f1-score": 0.3459227227188256,
            "support": 1988.0
        },
        "weighted avg": {
            "precision": 0.8808366228549455,
            "recall": 0.8677062374245473,
            "f1-score": 0.8328002278131055,
            "support": 1988.0
        }
    },
    "accuracy": 0.8677062374245473,
    "f1_score": 0.8328002278131055,
    "precision": 0.8808366228549455,
    "recall": 0.8677062374245473,
    "confusion_matrix": [
        [
            1534,
            0,
            0,
            0,
            0,
            4,
            0
        ],
        [
            38,
            110,
            0,
            0,
            0,
            0,
            0
        ],
        [
            114,
            0,
            3,
            0,
            0,
            0,
            0
        ],
        [
            2,
            0,
            0,
            0,
            0,
            0,
            0
        ],
        [
            2,
            0,
            0,
            0,
            0,
            0,
            0
        ],
        [
            101,
            0,
            0,
            0,
            0,
            78,
            0
        ],
        [
            2,
            0,
            0,
            0,
            0,
            0,
            0
        ]
    ],
    "training_samples": 7949,
    "test_samples": 1988,
    "timestamp": "2025-04-05T23:18:28.743360"
}