{
    "version": 5,
    "classification_report": {
        "Casual": {
            "precision": 0.9199766355140186,
            "recall": 0.9899434318038969,
            "f1-score": 0.9536784741144414,
            "support": 1591.0
        },
        "Fashionable": {
            "precision": 0.48214285714285715,
            "recall": 0.3,
            "f1-score": 0.3698630136986301,
            "support": 90.0
        },
        "Formal": {
            "precision": 0.70995670995671,
            "recall": 0.5157232704402516,
            "f1-score": 0.5974499089253188,
            "support": 318.0
        },
        "accuracy": 0.8834417208604303,
        "macro avg": {
            "precision": 0.7040254008711954,
            "recall": 0.6018889007480496,
            "f1-score": 0.6403304655794635,
            "support": 1999.0
        },
        "weighted avg": {
            "precision": 0.8668543861990469,
            "recall": 0.8834417208604303,
            "f1-score": 0.8707249597734888,
            "support": 1999.0
        }
    },
    "training_samples": 7996,
    "test_samples": 1999,
    "timestamp": "2025-04-03T22:40:16.652627"
}