{
    "version": 10,
    "classification_report": {
        "Casual": {
            "precision": 0.3637795275590551,
            "recall": 0.6754385964912281,
            "f1-score": 0.4728761514841351,
            "support": 342.0
        },
        "Ethnic": {
            "precision": 0.6161616161616161,
            "recall": 0.5596330275229358,
            "f1-score": 0.5865384615384616,
            "support": 109.0
        },
        "Formal": {
            "precision": 0.5040485829959515,
            "recall": 0.778125,
            "f1-score": 0.6117936117936118,
            "support": 320.0
        },
        "Home": {
            "precision": 0.0,
            "recall": 0.0,
            "f1-score": 0.0,
            "support": 30.0
        },
        "Party": {
            "precision": 0.0,
            "recall": 0.0,
            "f1-score": 0.0,
            "support": 90.0
        },
        "Smart Casual": {
            "precision": 0.6136363636363636,
            "recall": 0.24471299093655588,
            "f1-score": 0.34989200863930886,
            "support": 331.0
        },
        "Sports": {
            "precision": 0.7945205479452054,
            "recall": 0.3258426966292135,
            "f1-score": 0.46215139442231074,
            "support": 178.0
        },
        "Travel": {
            "precision": 0.6666666666666666,
            "recall": 0.20833333333333334,
            "f1-score": 0.31746031746031744,
            "support": 48.0
        },
        "accuracy": 0.47651933701657456,
        "macro avg": {
            "precision": 0.4448516631206073,
            "recall": 0.3490107056141583,
            "f1-score": 0.35008899316726816,
            "support": 1448.0
        },
        "weighted avg": {
            "precision": 0.5037348446432324,
            "recall": 0.47651933701657456,
            "f1-score": 0.43836021422244476,
            "support": 1448.0
        }
    },
    "accuracy": 0.47651933701657456,
    "f1_score": 0.43836021422244476,
    "precision": 0.5037348446432324,
    "recall": 0.47651933701657456,
    "confusion_matrix": [
        [
            231,
            5,
            36,
            0,
            0,
            51,
            14,
            5
        ],
        [
            39,
            61,
            9,
            0,
            0,
            0,
            0,
            0
        ],
        [
            71,
            0,
            249,
            0,
            0,
            0,
            0,
            0
        ],
        [
            28,
            0,
            2,
            0,
            0,
            0,
            0,
            0
        ],
        [
            52,
            28,
            9,
            0,
            0,
            0,
            1,
            0
        ],
        [
            94,
            0,
            156,
            0,
            0,
            81,
            0,
            0
        ],
        [
            89,
            4,
            27,
            0,
            0,
            0,
            58,
            0
        ],
        [
            31,
            1,
            6,
            0,
            0,
            0,
            0,
            10
        ]
    ],
    "training_samples": 7238,
    "test_samples": 1448,
    "timestamp": "2025-04-06T11:54:00.649470"
}