{
    "version": 13,
    "classification_report": {
        "Casual": {
            "precision": 0.38413098236775817,
            "recall": 0.7126168224299065,
            "f1-score": 0.49918166939443537,
            "support": 428.0
        },
        "Ethnic": {
            "precision": 0.5725806451612904,
            "recall": 0.5220588235294118,
            "f1-score": 0.5461538461538461,
            "support": 136.0
        },
        "Formal": {
            "precision": 0.5128617363344051,
            "recall": 0.7994987468671679,
            "f1-score": 0.6248775710088149,
            "support": 399.0
        },
        "Home": {
            "precision": 0.0,
            "recall": 0.0,
            "f1-score": 0.0,
            "support": 37.0
        },
        "Party": {
            "precision": 0.0,
            "recall": 0.0,
            "f1-score": 0.0,
            "support": 113.0
        },
        "Smart Casual": {
            "precision": 0.6643835616438356,
            "recall": 0.23429951690821257,
            "f1-score": 0.3464285714285714,
            "support": 414.0
        },
        "Sports": {
            "precision": 0.8072289156626506,
            "recall": 0.3004484304932735,
            "f1-score": 0.43790849673202614,
            "support": 223.0
        },
        "Travel": {
            "precision": 0.6585365853658537,
            "recall": 0.45,
            "f1-score": 0.5346534653465347,
            "support": 60.0
        },
        "accuracy": 0.4895027624309392,
        "macro avg": {
            "precision": 0.44996530331697415,
            "recall": 0.37736529252849654,
            "f1-score": 0.3736504525080286,
            "support": 1810.0
        },
        "weighted avg": {
            "precision": 0.5201601650983613,
            "recall": 0.4895027624309392,
            "f1-score": 0.44773870700205587,
            "support": 1810.0
        }
    }
}