{
    "version": 11,
    "classification_report": {
        "Casual": {
            "precision": 0.932956381260097,
            "recall": 0.9948320413436692,
            "f1-score": 0.9629012088370155,
            "support": 1161.0
        },
        "Fashionable": {
            "precision": 0.4714285714285714,
            "recall": 0.42857142857142855,
            "f1-score": 0.4489795918367347,
            "support": 77.0
        },
        "Formal": {
            "precision": 0.7071428571428572,
            "recall": 0.4714285714285714,
            "f1-score": 0.5657142857142857,
            "support": 210.0
        },
        "accuracy": 0.8888121546961326,
        "macro avg": {
            "precision": 0.7038426032771752,
            "recall": 0.6316106804478897,
            "f1-score": 0.6591983621293452,
            "support": 1448.0
        },
        "weighted avg": {
            "precision": 0.8756646123224948,
            "recall": 0.8888121546961326,
            "f1-score": 0.877969428198345,
            "support": 1448.0
        }
    },
    "accuracy": 0.8888121546961326,
    "f1_score": 0.877969428198345,
    "precision": 0.8756646123224948,
    "recall": 0.8888121546961326,
    "confusion_matrix": [
        [
            1155,
            0,
            6
        ],
        [
            9,
            33,
            35
        ],
        [
            74,
            37,
            99
        ]
    ],
    "training_samples": 7238,
    "test_samples": 1448,
    "timestamp": "2025-04-06T21:16:22.483453"
}